0.058733101934194565,0.05188906937837601,0.05188906937837601,0.05216654762625694,0.05914891138672829,0.06601504236459732,0.06566880643367767,0.06532257795333862,0.058525200933218,0.461,0.31697659558981595,0.05949903920412423
0.08788800984621048,0.09369482100009918,0.08726579695940018,0.08126906305551529,0.08198953419923782,0.08242181688547134,0.08851022273302078,0.094529889523983,0.09402884542942047,-0.335,-0.3543018206227822,0.08867479562558221
0.5649999976158142,0.5610000491142273,0.5610000491142273,0.5640000104904175,0.5690000057220459,0.5720000267028809,0.5690000057220459,0.5660000443458557,0.5630000233650208,-0.822,-0.8797704574215208,0.5686084901655473
0.05883705988526344,0.0517965704202652,0.0517965704202652,0.05216654762625694,0.05914891138672829,0.06647668778896332,0.06589963287115097,0.06543798744678497,0.058525200933218,0.577,0.31697659558981595,0.05949903920412423
0.08804357051849365,0.09352780133485794,0.087110236287117,0.08126906305551529,0.08198953419923782,0.08299819380044937,0.08882133662700653,0.09469690173864365,0.09402884542942047,-0.353,-0.3543018206227822,0.08867479562558221
0.5660000443458557,0.5600000023841858,0.5600000023841858,0.5640000104904175,0.5690000057220459,0.5760000348091125,0.5710000395774841,0.5670000314712524,0.5630000233650208,-0.737,-0.8797704574215208,0.5686084901655473
0.05883705988526344,0.0517965704202652,0.05188906937837601,0.05216654762625694,0.05914891138672829,0.06636127829551697,0.06613045185804367,0.06555339694023132,0.058525200933218,0.598,0.31697659558981595,0.05949903920412423
0.08804357051849365,0.09352780133485794,0.08726579695940018,0.08126906305551529,0.08198953419923782,0.08285409957170486,0.08913244307041168,0.09486391395330429,0.09402884542942047,-0.32,-0.3543018206227822,0.08867479562558221
0.5660000443458557,0.5600000023841858,0.5610000491142273,0.5640000104904175,0.5690000057220459,0.5750000476837158,0.5730000138282776,0.5680000185966492,0.5630000233650208,-0.735,-0.8797704574215208,0.5686084901655473
0.058733101934194565,0.05188906937837601,0.05198156088590622,0.052259039133787155,0.059044960886240005,0.06578422337770462,0.06555339694023132,0.06520716100931168,0.058525200933218,0.359,0.31697659558981595,0.05949903920412423
0.08788800984621048,0.09369482100009918,0.08742135018110275,0.0814131572842598,0.08184543997049332,0.08213363587856293,0.0883546695113182,0.09436286985874176,0.09402884542942047,-0.326,-0.3543018206227822,0.08867479562558221
0.5649999976158142,0.5610000491142273,0.562000036239624,0.5649999976158142,0.5680000185966492,0.5700000524520874,0.5680000185966492,0.5649999976158142,0.5630000233650208,-0.875,-0.8797704574215208,0.5686084901655473
0.05883705988526344,0.0517965704202652,0.05188906937837601,0.05216654762625694,0.059252869337797165,0.06647668778896332,0.06624586135149002,0.06578422337770462,0.058629151433706284,0.638,0.31697659558981595,0.05949903920412423
0.08804357051849365,0.09352780133485794,0.08726579695940018,0.08126906305551529,0.08213363587856293,0.08299819380044937,0.08928799629211426,0.09519794583320618,0.09419585764408112,-0.293,-0.3543018206227822,0.08867479562558221
0.5660000443458557,0.5600000023841858,0.5610000491142273,0.5640000104904175,0.5700000524520874,0.5760000348091125,0.5740000009536743,0.5700000524520874,0.5640000104904175,-0.713,-0.8797704574215208,0.5686084901655473
0.05883705988526344,0.05188906937837601,0.05207405611872673,0.052351538091897964,0.059252869337797165,0.06636127829551697,0.06589963287115097,0.06543798744678497,0.058629151433706284,0.477,0.31697659558981595,0.05949903920412423
0.08804357051849365,0.09369482100009918,0.08757690340280533,0.0815572589635849,0.08213363587856293,0.08285409957170486,0.08882133662700653,0.09469690173864365,0.09419585764408112,-0.385,-0.3543018206227822,0.08867479562558221
0.5660000443458557,0.5610000491142273,0.5630000233650208,0.5660000443458557,0.5700000524520874,0.5750000476837158,0.5710000395774841,0.5670000314712524,0.5640000104904175,-0.791,-0.8797704574215208,0.5686084901655473
0.05883705988526344,0.05188906937837601,0.05207405611872673,0.052259039133787155,0.05914891138672829,0.06601504236459732,0.06566880643367767,0.06520716100931168,0.058525200933218,0.381,0.31697659558981595,0.05949903920412423
0.08804357051849365,0.09369482100009918,0.08757690340280533,0.0814131572842598,0.08198953419923782,0.08242181688547134,0.08851022273302078,0.09436286985874176,0.09402884542942047,-0.382,-0.3543018206227822,0.08867479562558221
0.5660000443458557,0.5610000491142273,0.5630000233650208,0.5649999976158142,0.5690000057220459,0.5720000267028809,0.5690000057220459,0.5649999976158142,0.5630000233650208,-0.842,-0.8797704574215208,0.5686084901655473
0.058733101934194565,0.0517965704202652,0.0517965704202652,0.05207405611872673,0.059252869337797165,0.06670750677585602,0.06613045185804367,0.06555339694023132,0.058629151433706284,0.64,0.31697659558981595,0.05949903920412423
0.08788800984621048,0.09352780133485794,0.087110236287117,0.08112496882677078,0.08213363587856293,0.08328638225793839,0.08913244307041168,0.09486391395330429,0.09419585764408112,-0.327,-0.3543018206227822,0.08867479562558221
0.5649999976158142,0.5600000023841858,0.5600000023841858,0.5630000233650208,0.5700000524520874,0.578000009059906,0.5730000138282776,0.5680000185966492,0.5640000104904175,-0.696,-0.8797704574215208,0.5686084901655473
0.058525200933218,0.05161158740520477,0.05161158740520477,0.05198156088590622,0.058941010385751724,0.06636127829551697,0.06555339694023132,0.06520716100931168,0.058525200933218,0.574,0.31697659558981595,0.05949903920412423
0.08757690340280533,0.09319377690553665,0.08679913729429245,0.08098087459802628,0.08170134574174881,0.08285409957170486,0.0883546695113182,0.09436286985874176,0.09402884542942047,-0.317,-0.3543018206227822,0.08867479562558221
0.5630000233650208,0.5580000281333923,0.5580000281333923,0.562000036239624,0.5670000314712524,0.5750000476837158,0.5680000185966492,0.5649999976158142,0.5630000233650208,-0.755,-0.8797704574215208,0.5686084901655473
0.058733101934194565,0.0517965704202652,0.0517965704202652,0.05216654762625694,0.05914891138672829,0.06659209728240967,0.06613045185804367,0.06555339694023132,0.058525200933218,0.626,0.31697659558981595,0.05949903920412423
0.08788800984621048,0.09352780133485794,0.087110236287117,0.08126906305551529,0.08198953419923782,0.08314228802919388,0.08913244307041168,0.09486391395330429,0.09402884542942047,-0.333,-0.3543018206227822,0.08867479562558221
0.5649999976158142,0.5600000023841858,0.5600000023841858,0.5640000104904175,0.5690000057220459,0.5770000219345093,0.5730000138282776,0.5680000185966492,0.5630000233650208,-0.706,-0.8797704574215208,0.5686084901655473
0.058733101934194565,0.0517965704202652,0.05188906937837601,0.052259039133787155,0.059044960886240005,0.06578422337770462,0.06566880643367767,0.06532257795333862,0.058525200933218,0.44,0.31697659558981595,0.05949903920412423
0.08788800984621048,0.09352780133485794,0.08726579695940018,0.0814131572842598,0.08184543997049332,0.08213363587856293,0.08851022273302078,0.094529889523983,0.09402884542942047,-0.31,-0.3543018206227822,0.08867479562558221
0.5649999976158142,0.5600000023841858,0.5610000491142273,0.5649999976158142,0.5680000185966492,0.5700000524520874,0.5690000057220459,0.5660000443458557,0.5630000233650208,-0.843,-0.8797704574215208,0.5686084901655473
0.058629151433706284,0.0517965704202652,0.05188906937837601,0.05216654762625694,0.059044960886240005,0.06624586135149002,0.06543798744678497,0.06520716100931168,0.058525200933218,0.434,0.31697659558981595,0.05949903920412423
0.0877324566245079,0.09352780133485794,0.08726579695940018,0.08126906305551529,0.08184543997049332,0.08271000534296036,0.08819912374019623,0.09436286985874176,0.09402884542942047,-0.371,-0.3543018206227822,0.08867479562558221
0.5640000104904175,0.5600000023841858,0.5610000491142273,0.5640000104904175,0.5680000185966492,0.5740000009536743,0.5670000314712524,0.5649999976158142,0.5630000233650208,-0.822,-0.8797704574215208,0.5686084901655473
0.058629151433706284,0.0517965704202652,0.05188906937837601,0.05216654762625694,0.058941010385751724,0.06555339694023132,0.06532257795333862,0.06520716100931168,0.058525200933218,0.334,0.31697659558981595,0.05949903920412423
0.0877324566245079,0.09352780133485794,0.08726579695940018,0.08126906305551529,0.08170134574174881,0.08184543997049332,0.08804357051849365,0.09436286985874176,0.09402884542942047,-0.265,-0.3543018206227822,0.08867479562558221
0.5640000104904175,0.5600000023841858,0.5610000491142273,0.5640000104904175,0.5670000314712524,0.5680000185966492,0.5660000443458557,0.5649999976158142,0.5630000233650208,-0.905,-0.8797704574215208,0.5686084901655473
0.058733101934194565,0.0517965704202652,0.0517965704202652,0.05216654762625694,0.059044960886240005,0.06613045185804367,0.06578422337770462,0.06532257795333862,0.058525200933218,0.528,0.31697659558981595,0.05949903920412423
0.08788800984621048,0.09352780133485794,0.087110236287117,0.08126906305551529,0.08184543997049332,0.08256591111421585,0.08866578340530396,0.094529889523983,0.09402884542942047,-0.317,-0.3543018206227822,0.08867479562558221
0.5649999976158142,0.5600000023841858,0.5600000023841858,0.5640000104904175,0.5680000185966492,0.5730000138282776,0.5700000524520874,0.5660000443458557,0.5630000233650208,-0.788,-0.8797704574215208,0.5686084901655473
0.058733101934194565,0.0517965704202652,0.0517965704202652,0.05207405611872673,0.059044960886240005,0.06624586135149002,0.06601504236459732,0.06543798744678497,0.058629151433706284,0.597,0.31697659558981595,0.05949903920412423
0.08788800984621048,0.09352780133485794,0.087110236287117,0.08112496882677078,0.08184543997049332,0.08271000534296036,0.0889768898487091,0.09469690173864365,0.09419585764408112,-0.256,-0.3543018206227822,0.08867479562558221
0.5649999976158142,0.5600000023841858,0.5600000023841858,0.5630000233650208,0.5680000185966492,0.5740000009536743,0.5720000267028809,0.5670000314712524,0.5640000104904175,-0.761,-0.8797704574215208,0.5686084901655473
0.058629151433706284,0.0517965704202652,0.05188906937837601,0.05207405611872673,0.058941010385751724,0.06578422337770462,0.06566880643367767,0.06532257795333862,0.058525200933218,0.469,0.31697659558981595,0.05949903920412423
0.0877324566245079,0.09352780133485794,0.08726579695940018,0.08112496882677078,0.08170134574174881,0.08213363587856293,0.08851022273302078,0.094529889523983,0.09402884542942047,-0.243,-0.3543018206227822,0.08867479562558221
0.5640000104904175,0.5600000023841858,0.5610000491142273,0.5630000233650208,0.5670000314712524,0.5700000524520874,0.5690000057220459,0.5660000443458557,0.5630000233650208,-0.85,-0.8797704574215208,0.5686084901655473
0.058525200933218,0.05188906937837601,0.05188906937837601,0.05198156088590622,0.058733101934194565,0.06532257795333862,0.06520716100931168,0.06509175151586533,0.05842125043272972,0.274,0.32440452494627386,0.05931029954613928
0.08849860727787018,0.09461325407028198,0.08818423002958298,0.0819009467959404,0.0823381319642067,0.08248387277126312,0.08881298452615738,0.09511920064687729,0.09478189796209335,-0.165,-0.3279056710452684,0.08862746799350284
0.5630000233650208,0.5610000491142273,0.5610000491142273,0.562000036239624,0.5649999976158142,0.5660000443458557,0.5649999976158142,0.5640000104904175,0.562000036239624,-0.948,-0.8872652225184612,0.5666970172297895
0.05883705988526344,0.05188906937837601,0.05198156088590622,0.052259039133787155,0.059356819838285446,0.06716915220022202,0.06647668778896332,0.06555339694023132,0.058629151433706284,0.645,0.31697659558981595,0.05949903920412423
0.08804357051849365,0.09369482100009918,0.08742135018110275,0.0814131572842598,0.08227772265672684,0.08386275917291641,0.0895991101861,0.09486391395330429,0.09419585764408112,-0.397,-0.3543018206227822,0.08867479562558221
0.5660000443458557,0.5610000491142273,0.562000036239624,0.5649999976158142,0.5710000395774841,0.5820000171661377,0.5760000348091125,0.5680000185966492,0.5640000104904175,-0.653,-0.8797704574215208,0.5686084901655473
0.05883705988526344,0.0517965704202652,0.05188906937837601,0.05207405611872673,0.05914891138672829,0.06636127829551697,0.06601504236459732,0.06555339694023132,0.058629151433706284,0.594,0.31697659558981595,0.05949903920412423
0.08804357051849365,0.09352780133485794,0.08726579695940018,0.08112496882677078,0.08198953419923782,0.08285409957170486,0.0889768898487091,0.09486391395330429,0.09419585764408112,-0.284,-0.3543018206227822,0.08867479562558221
0.5660000443458557,0.5600000023841858,0.5610000491142273,0.5630000233650208,0.5690000057220459,0.5750000476837158,0.5720000267028809,0.5680000185966492,0.5640000104904175,-0.753,-0.8797704574215208,0.5686084901655473
0.058941010385751724,0.05188906937837601,0.05198156088590622,0.052351538091897964,0.059252869337797165,0.06693833321332932,0.06636127829551697,0.06555339694023132,0.058629151433706284,0.617,0.31697659558981595,0.05949903920412423
0.08819912374019623,0.09369482100009918,0.08742135018110275,0.0815572589635849,0.08213363587856293,0.0835745707154274,0.08944355696439743,0.09486391395330429,0.09419585764408112,-0.381,-0.3543018206227822,0.08867479562558221
0.5670000314712524,0.5610000491142273,0.562000036239624,0.5660000443458557,0.5700000524520874,0.5800000429153442,0.5750000476837158,0.5680000185966492,0.5640000104904175,-0.689,-0.8797704574215208,0.5686084901655473
0.058629151433706284,0.0517965704202652,0.05188906937837601,0.05216654762625694,0.059044960886240005,0.06589963287115097,0.06578422337770462,0.06543798744678497,0.058525200933218,0.5,0.31697659558981595,0.05949903920412423
0.0877324566245079,0.09352780133485794,0.08726579695940018,0.08126906305551529,0.08184543997049332,0.08227772265672684,0.08866578340530396,0.09469690173864365,0.09402884542942047,-0.282,-0.3543018206227822,0.08867479562558221
0.5640000104904175,0.5600000023841858,0.5610000491142273,0.5640000104904175,0.5680000185966492,0.5710000395774841,0.5700000524520874,0.5670000314712524,0.5630000233650208,-0.819,-0.8797704574215208,0.5686084901655473
0.058733101934194565,0.0517965704202652,0.05188906937837601,0.05216654762625694,0.059044960886240005,0.06624586135149002,0.06589963287115097,0.06555339694023132,0.058629151433706284,0.561,0.31697659558981595,0.05949903920412423
0.08788800984621048,0.09352780133485794,0.08726579695940018,0.08126906305551529,0.08184543997049332,0.08271000534296036,0.08882133662700653,0.09486391395330429,0.09419585764408112,-0.266,-0.3543018206227822,0.08867479562558221
0.5649999976158142,0.5600000023841858,0.5610000491142273,0.5640000104904175,0.5680000185966492,0.5740000009536743,0.5710000395774841,0.5680000185966492,0.5640000104904175,-0.784,-0.8797704574215208,0.5686084901655473
0.05883705988526344,0.0517965704202652,0.0517965704202652,0.05207405611872673,0.05914891138672829,0.06647668778896332,0.06613045185804367,0.06555339694023132,0.058629151433706284,0.632,0.31697659558981595,0.05949903920412423
0.08804357051849365,0.09352780133485794,0.087110236287117,0.08112496882677078,0.08198953419923782,0.08299819380044937,0.08913244307041168,0.09486391395330429,0.09419585764408112,-0.283,-0.3543018206227822,0.08867479562558221
0.5660000443458557,0.5600000023841858,0.5600000023841858,0.5630000233650208,0.5690000057220459,0.5760000348091125,0.5730000138282776,0.5680000185966492,0.5640000104904175,-0.722,-0.8797704574215208,0.5686084901655473
0.058733101934194565,0.0517965704202652,0.05188906937837601,0.052259039133787155,0.05914891138672829,0.06624586135149002,0.06589963287115097,0.06543798744678497,0.058525200933218,0.532,0.31697659558981595,0.05949903920412423
0.08788800984621048,0.09352780133485794,0.08726579695940018,0.0814131572842598,0.08198953419923782,0.08271000534296036,0.08882133662700653,0.09469690173864365,0.09402884542942047,-0.356,-0.3543018206227822,0.08867479562558221
0.5649999976158142,0.5600000023841858,0.5610000491142273,0.5649999976158142,0.5690000057220459,0.5740000009536743,0.5710000395774841,0.5670000314712524,0.5630000233650208,-0.769,-0.8797704574215208,0.5686084901655473
0.058629151433706284,0.0517965704202652,0.051704078912734985,0.05198156088590622,0.058941010385751724,0.06613045185804367,0.06589963287115097,0.06555339694023132,0.058525200933218,0.608,0.31697659558981595,0.05949903920412423
0.0877324566245079,0.09352780133485794,0.08695468306541443,0.08098087459802628,0.08170134574174881,0.08256591111421585,0.08882133662700653,0.09486391395330429,0.09402884542942047,-0.213,-0.3543018206227822,0.08867479562558221
0.5640000104904175,0.5600000023841858,0.5590000152587891,0.562000036239624,0.5670000314712524,0.5730000138282776,0.5710000395774841,0.5680000185966492,0.5630000233650208,-0.765,-0.8797704574215208,0.5686084901655473
0.058733101934194565,0.05188906937837601,0.05198156088590622,0.05207405611872673,0.058941010385751724,0.06543798744678497,0.06543798744678497,0.06520716100931168,0.058525200933218,0.32,0.31697659558981595,0.05949903920412423
0.08788800984621048,0.09369482100009918,0.08742135018110275,0.08112496882677078,0.08170134574174881,0.08170134574174881,0.08819912374019623,0.09436286985874176,0.09402884542942047,-0.214,-0.3543018206227822,0.08867479562558221
0.5649999976158142,0.5610000491142273,0.562000036239624,0.5630000233650208,0.5670000314712524,0.5670000314712524,0.5670000314712524,0.5649999976158142,0.5630000233650208,-0.923,-0.8797704574215208,0.5686084901655473
0.05883705988526344,0.05188906937837601,0.05198156088590622,0.05216654762625694,0.05914891138672829,0.06624586135149002,0.06601504236459732,0.06543798744678497,0.058629151433706284,0.539,0.31697659558981595,0.05949903920412423
0.08804357051849365,0.09369482100009918,0.08742135018110275,0.08126906305551529,0.08198953419923782,0.08271000534296036,0.0889768898487091,0.09469690173864365,0.09419585764408112,-0.3,-0.3543018206227822,0.08867479562558221
0.5660000443458557,0.5610000491142273,0.562000036239624,0.5640000104904175,0.5690000057220459,0.5740000009536743,0.5720000267028809,0.5670000314712524,0.5640000104904175,-0.788,-0.8797704574215208,0.5686084901655473
0.058629151433706284,0.05188906937837601,0.05198156088590622,0.052259039133787155,0.058941010385751724,0.06566880643367767,0.06532257795333862,0.06509175151586533,0.058525200933218,0.27,0.31697659558981595,0.05949903920412423
0.0877324566245079,0.09369482100009918,0.08742135018110275,0.0814131572842598,0.08170134574174881,0.08198953419923782,0.08804357051849365,0.09419585764408112,0.09402884542942047,-0.307,-0.3543018206227822,0.08867479562558221
0.5640000104904175,0.5610000491142273,0.562000036239624,0.5649999976158142,0.5670000314712524,0.5690000057220459,0.5660000443458557,0.5640000104904175,0.5630000233650208,-0.913,-0.8797704574215208,0.5686084901655473
0.058525200933218,0.0517965704202652,0.0517965704202652,0.05216654762625694,0.05883705988526344,0.06555339694023132,0.06520716100931168,0.06509175151586533,0.05842125043272972,0.318,0.31697659558981595,0.05949903920412423
0.08757690340280533,0.09352780133485794,0.087110236287117,0.08126906305551529,0.0815572589635849,0.08184543997049332,0.08788800984621048,0.09419585764408112,0.09386183321475983,-0.284,-0.3543018206227822,0.08867479562558221
0.5630000233650208,0.5600000023841858,0.5600000023841858,0.5640000104904175,0.5660000443458557,0.5680000185966492,0.5649999976158142,0.5640000104904175,0.562000036239624,-0.905,-0.8797704574215208,0.5686084901655473
0.058733101934194565,0.0517965704202652,0.0517965704202652,0.05216654762625694,0.05914891138672829,0.06659209728240967,0.06613045185804367,0.06555339694023132,0.058629151433706284,0.629,0.31697659558981595,0.05949903920412423
0.08788800984621048,0.09352780133485794,0.087110236287117,0.08126906305551529,0.08198953419923782,0.08314228802919388,0.08913244307041168,0.09486391395330429,0.09419585764408112,-0.308,-0.3543018206227822,0.08867479562558221
0.5649999976158142,0.5600000023841858,0.5600000023841858,0.5640000104904175,0.5690000057220459,0.5770000219345093,0.5730000138282776,0.5680000185966492,0.5640000104904175,-0.714,-0.8797704574215208,0.5686084901655473
0.05883705988526344,0.05188906937837601,0.05188906937837601,0.05207405611872673,0.05914891138672829,0.06659209728240967,0.06601504236459732,0.06543798744678497,0.058629151433706284,0.591,0.31697659558981595,0.05949903920412423
0.08804357051849365,0.09369482100009918,0.08726579695940018,0.08112496882677078,0.08198953419923782,0.08314228802919388,0.0889768898487091,0.09469690173864365,0.09419585764408112,-0.31,-0.3543018206227822,0.08867479562558221
0.5660000443458557,0.5610000491142273,0.5610000491142273,0.5630000233650208,0.5690000057220459,0.5770000219345093,0.5720000267028809,0.5670000314712524,0.5640000104904175,-0.745,-0.8797704574215208,0.5686084901655473
0.058525200933218,0.051704078912734985,0.0517965704202652,0.05207405611872673,0.059044960886240005,0.06613045185804367,0.06555339694023132,0.06520716100931168,0.05842125043272972,0.491,0.31697659558981595,0.05949903920412423
0.08757690340280533,0.0933607891201973,0.087110236287117,0.08112496882677078,0.08184543997049332,0.08256591111421585,0.0883546695113182,0.09436286985874176,0.09386183321475983,-0.369,-0.3543018206227822,0.08867479562558221
0.5630000233650208,0.5590000152587891,0.5600000023841858,0.5630000233650208,0.5680000185966492,0.5730000138282776,0.5680000185966492,0.5649999976158142,0.562000036239624,-0.79,-0.8797704574215208,0.5686084901655473
0.05883705988526344,0.0517965704202652,0.05188906937837601,0.05216654762625694,0.059252869337797165,0.06647668778896332,0.06613045185804367,0.06555339694023132,0.058525200933218,0.6,0.31697659558981595,0.05949903920412423
0.08804357051849365,0.09352780133485794,0.08726579695940018,0.08126906305551529,0.08213363587856293,0.08299819380044937,0.08913244307041168,0.09486391395330429,0.09402884542942047,-0.355,-0.3543018206227822,0.08867479562558221
0.5660000443458557,0.5600000023841858,0.5610000491142273,0.5640000104904175,0.5700000524520874,0.5760000348091125,0.5730000138282776,0.5680000185966492,0.5630000233650208,-0.717,-0.8797704574215208,0.5686084901655473
0.058629151433706284,0.0517965704202652,0.05188906937837601,0.05207405611872673,0.059044960886240005,0.06670750677585602,0.06578422337770462,0.06532257795333862,0.058525200933218,0.559,0.31697659558981595,0.05949903920412423
0.0877324566245079,0.09352780133485794,0.08726579695940018,0.08112496882677078,0.08184543997049332,0.08328638225793839,0.08866578340530396,0.094529889523983,0.09402884542942047,-0.359,-0.3543018206227822,0.08867479562558221
0.5640000104904175,0.5600000023841858,0.5610000491142273,0.5630000233650208,0.5680000185966492,0.578000009059906,0.5700000524520874,0.5660000443458557,0.5630000233650208,-0.748,-0.8797704574215208,0.5686084901655473
0.058733101934194565,0.0517965704202652,0.0517965704202652,0.05207405611872673,0.059044960886240005,0.06624586135149002,0.06601504236459732,0.06543798744678497,0.058525200933218,0.594,0.31697659558981595,0.05949903920412423
0.08788800984621048,0.09352780133485794,0.087110236287117,0.08112496882677078,0.08184543997049332,0.08271000534296036,0.0889768898487091,0.09469690173864365,0.09402884542942047,-0.284,-0.3543018206227822,0.08867479562558221
0.5649999976158142,0.5600000023841858,0.5600000023841858,0.5630000233650208,0.5680000185966492,0.5740000009536743,0.5720000267028809,0.5670000314712524,0.5630000233650208,-0.753,-0.8797704574215208,0.5686084901655473
0.058733101934194565,0.0517965704202652,0.0517965704202652,0.05207405611872673,0.059252869337797165,0.06693833321332932,0.06589963287115097,0.06532257795333862,0.058525200933218,0.597,0.31697659558981595,0.05949903920412423
0.08788800984621048,0.09352780133485794,0.087110236287117,0.08112496882677078,0.08213363587856293,0.0835745707154274,0.08882133662700653,0.094529889523983,0.09402884542942047,-0.412,-0.3543018206227822,0.08867479562558221
0.5649999976158142,0.5600000023841858,0.5600000023841858,0.5630000233650208,0.5700000524520874,0.5800000429153442,0.5710000395774841,0.5660000443458557,0.5630000233650208,-0.689,-0.8797704574215208,0.5686084901655473
0.058525200933218,0.051704078912734985,0.051704078912734985,0.05198156088590622,0.058941010385751724,0.06624586135149002,0.06555339694023132,0.06520716100931168,0.05842125043272972,0.537,0.31697659558981595,0.05949903920412423
0.08757690340280533,0.0933607891201973,0.08695468306541443,0.08098087459802628,0.08170134574174881,0.08271000534296036,0.0883546695113182,0.09436286985874176,0.09386183321475983,-0.329,-0.3543018206227822,0.08867479562558221
0.5630000233650208,0.5590000152587891,0.5590000152587891,0.562000036239624,0.5670000314712524,0.5740000009536743,0.5680000185966492,0.5649999976158142,0.562000036239624,-0.778,-0.8797704574215208,0.5686084901655473
0.058629151433706284,0.051704078912734985,0.0517965704202652,0.05216654762625694,0.058941010385751724,0.06555339694023132,0.06543798744678497,0.06520716100931168,0.058525200933218,0.405,0.31697659558981595,0.05949903920412423
0.0877324566245079,0.0933607891201973,0.087110236287117,0.08126906305551529,0.08170134574174881,0.08184543997049332,0.08819912374019623,0.09436286985874176,0.09402884542942047,-0.271,-0.3543018206227822,0.08867479562558221
0.5640000104904175,0.5590000152587891,0.5600000023841858,0.5640000104904175,0.5670000314712524,0.5680000185966492,0.5670000314712524,0.5649999976158142,0.5630000233650208,-0.874,-0.8797704574215208,0.5686084901655473
0.058525200933218,0.0517965704202652,0.0517965704202652,0.05207405611872673,0.058941010385751724,0.06578422337770462,0.06532257795333862,0.06520716100931168,0.058525200933218,0.404,0.31697659558981595,0.05949903920412423
0.08757690340280533,0.09352780133485794,0.087110236287117,0.08112496882677078,0.08170134574174881,0.08213363587856293,0.08804357051849365,0.09436286985874176,0.09402884542942047,-0.271,-0.3543018206227822,0.08867479562558221
0.5630000233650208,0.5600000023841858,0.5600000023841858,0.5630000233650208,0.5670000314712524,0.5700000524520874,0.5660000443458557,0.5649999976158142,0.5630000233650208,-0.874,-0.8797704574215208,0.5686084901655473
0.058733101934194565,0.0517965704202652,0.05188906937837601,0.05216654762625694,0.059044960886240005,0.06589963287115097,0.06589963287115097,0.06555339694023132,0.058525200933218,0.533,0.31697659558981595,0.05949903920412423
0.08788800984621048,0.09352780133485794,0.08726579695940018,0.08126906305551529,0.08184543997049332,0.08227772265672684,0.08882133662700653,0.09486391395330429,0.09402884542942047,-0.259,-0.3543018206227822,0.08867479562558221
0.5649999976158142,0.5600000023841858,0.5610000491142273,0.5640000104904175,0.5680000185966492,0.5710000395774841,0.5710000395774841,0.5680000185966492,0.5630000233650208,-0.806,-0.8797704574215208,0.5686084901655473
0.058733101934194565,0.05188906937837601,0.05198156088590622,0.05216654762625694,0.05914891138672829,0.06636127829551697,0.06578422337770462,0.06532257795333862,0.058525200933218,0.49,0.31697659558981595,0.05949903920412423
0.08788800984621048,0.09369482100009918,0.08742135018110275,0.08126906305551529,0.08198953419923782,0.08285409957170486,0.08866578340530396,0.094529889523983,0.09402884542942047,-0.368,-0.3543018206227822,0.08867479562558221
0.5649999976158142,0.5610000491142273,0.562000036239624,0.5640000104904175,0.5690000057220459,0.5750000476837158,0.5700000524520874,0.5660000443458557,0.5630000233650208,-0.79,-0.8797704574215208,0.5686084901655473
0.058629151433706284,0.0517965704202652,0.0517965704202652,0.05207405611872673,0.05914891138672829,0.06636127829551697,0.06578422337770462,0.06532257795333862,0.05842125043272972,0.548,0.31697659558981595,0.05949903920412423
0.0877324566245079,0.09352780133485794,0.087110236287117,0.08112496882677078,0.08198953419923782,0.08285409957170486,0.08866578340530396,0.094529889523983,0.09386183321475983,-0.376,-0.3543018206227822,0.08867479562558221
0.5640000104904175,0.5600000023841858,0.5600000023841858,0.5630000233650208,0.5690000057220459,0.5750000476837158,0.5700000524520874,0.5660000443458557,0.562000036239624,-0.748,-0.8797704574215208,0.5686084901655473
0.058525200933218,0.0517965704202652,0.0517965704202652,0.05207405611872673,0.058941010385751724,0.06566880643367767,0.06520716100931168,0.06509175151586533,0.05842125043272972,0.346,0.31697659558981595,0.05949903920412423
0.08757690340280533,0.09352780133485794,0.087110236287117,0.08112496882677078,0.08170134574174881,0.08198953419923782,0.08788800984621048,0.09419585764408112,0.09386183321475983,-0.313,-0.3543018206227822,0.08867479562558221
0.5630000233650208,0.5600000023841858,0.5600000023841858,0.5630000233650208,0.5670000314712524,0.5690000057220459,0.5649999976158142,0.5640000104904175,0.562000036239624,-0.885,-0.8797704574215208,0.5686084901655473
0.058525200933218,0.0517965704202652,0.0517965704202652,0.05207405611872673,0.058941010385751724,0.06578422337770462,0.06520716100931168,0.06520716100931168,0.058525200933218,0.377,0.31697659558981595,0.05949903920412423
0.08757690340280533,0.09352780133485794,0.087110236287117,0.08112496882677078,0.08170134574174881,0.08213363587856293,0.08788800984621048,0.09436286985874176,0.09402884542942047,-0.275,-0.3543018206227822,0.08867479562558221
0.5630000233650208,0.5600000023841858,0.5600000023841858,0.5630000233650208,0.5670000314712524,0.5700000524520874,0.5649999976158142,0.5649999976158142,0.5630000233650208,-0.885,-0.8797704574215208,0.5686084901655473
0.058733101934194565,0.0517965704202652,0.05188906937837601,0.05207405611872673,0.059252869337797165,0.06670750677585602,0.06589963287115097,0.06543798744678497,0.058525200933218,0.579,0.31697659558981595,0.05949903920412423
0.08788800984621048,0.09352780133485794,0.08726579695940018,0.08112496882677078,0.08213363587856293,0.08328638225793839,0.08882133662700653,0.09469690173864365,0.09402884542942047,-0.387,-0.3543018206227822,0.08867479562558221
0.5649999976158142,0.5600000023841858,0.5610000491142273,0.5630000233650208,0.5700000524520874,0.578000009059906,0.5710000395774841,0.5670000314712524,0.5630000233650208,-0.718,-0.8797704574215208,0.5686084901655473
0.058525200933218,0.0517965704202652,0.0517965704202652,0.05207405611872673,0.05883705988526344,0.06589963287115097,0.06532257795333862,0.06520716100931168,0.05842125043272972,0.417,0.31697659558981595,0.05949903920412423
0.08757690340280533,0.09352780133485794,0.087110236287117,0.08112496882677078,0.0815572589635849,0.08227772265672684,0.08804357051849365,0.09436286985874176,0.09386183321475983,-0.285,-0.3543018206227822,0.08867479562558221
0.5630000233650208,0.5600000023841858,0.5600000023841858,0.5630000233650208,0.5660000443458557,0.5710000395774841,0.5660000443458557,0.5649999976158142,0.562000036239624,-0.864,-0.8797704574215208,0.5686084901655473
0.058629151433706284,0.0517965704202652,0.0517965704202652,0.05207405611872673,0.059044960886240005,0.06624586135149002,0.06566880643367767,0.06532257795333862,0.05842125043272972,0.524,0.31697659558981595,0.05949903920412423
0.0877324566245079,0.09352780133485794,0.087110236287117,0.08112496882677078,0.08184543997049332,0.08271000534296036,0.08851022273302078,0.094529889523983,0.09386183321475983,-0.346,-0.3543018206227822,0.08867479562558221
0.5640000104904175,0.5600000023841858,0.5600000023841858,0.5630000233650208,0.5680000185966492,0.5740000009536743,0.5690000057220459,0.5660000443458557,0.562000036239624,-0.779,-0.8797704574215208,0.5686084901655473
0.058629151433706284,0.05161158740520477,0.05161158740520477,0.05198156088590622,0.058941010385751724,0.06578422337770462,0.06566880643367767,0.06532257795333862,0.05842125043272972,0.562,0.31697659558981595,0.05949903920412423
0.0877324566245079,0.09319377690553665,0.08679913729429245,0.08098087459802628,0.08170134574174881,0.08213363587856293,0.08851022273302078,0.094529889523983,0.09386183321475983,-0.267,-0.3543018206227822,0.08867479562558221
0.5640000104904175,0.5580000281333923,0.5580000281333923,0.562000036239624,0.5670000314712524,0.5700000524520874,0.5690000057220459,0.5660000443458557,0.562000036239624,-0.783,-0.8797704574215208,0.5686084901655473
0.058733101934194565,0.0517965704202652,0.05188906937837601,0.05216654762625694,0.05914891138672829,0.06624586135149002,0.06566880643367767,0.06532257795333862,0.058525200933218,0.49,0.31697659558981595,0.05949903920412423
0.08788800984621048,0.09352780133485794,0.08726579695940018,0.08126906305551529,0.08198953419923782,0.08271000534296036,0.08851022273302078,0.094529889523983,0.09402884542942047,-0.369,-0.3543018206227822,0.08867479562558221
0.5649999976158142,0.5600000023841858,0.5610000491142273,0.5640000104904175,0.5690000057220459,0.5740000009536743,0.5690000057220459,0.5660000443458557,0.5630000233650208,-0.79,-0.8797704574215208,0.5686084901655473
0.05883705988526344,0.0517965704202652,0.0517965704202652,0.05207405611872673,0.059252869337797165,0.06659209728240967,0.06624586135149002,0.06555339694023132,0.058629151433706284,0.649,0.31697659558981595,0.05949903920412423
0.08804357051849365,0.09352780133485794,0.087110236287117,0.08112496882677078,0.08213363587856293,0.08314228802919388,0.08928799629211426,0.09486391395330429,0.09419585764408112,-0.312,-0.3543018206227822,0.08867479562558221
0.5660000443458557,0.5600000023841858,0.5600000023841858,0.5630000233650208,0.5700000524520874,0.5770000219345093,0.5740000009536743,0.5680000185966492,0.5640000104904175,-0.694,-0.8797704574215208,0.5686084901655473
0.058941010385751724,0.0517965704202652,0.05207405611872673,0.052259039133787155,0.059252869337797165,0.06659209728240967,0.06636127829551697,0.06578422337770462,0.058629151433706284,0.619,0.31697659558981595,0.05949903920412423
0.08819912374019623,0.09352780133485794,0.08757690340280533,0.0814131572842598,0.08213363587856293,0.08314228802919388,0.08944355696439743,0.09519794583320618,0.09419585764408112,-0.323,-0.3543018206227822,0.08867479562558221
0.5670000314712524,0.5600000023841858,0.5630000233650208,0.5649999976158142,0.5700000524520874,0.5770000219345093,0.5750000476837158,0.5700000524520874,0.5640000104904175,-0.716,-0.8797704574215208,0.5686084901655473
0.058733101934194565,0.0517965704202652,0.05188906937837601,0.052259039133787155,0.05914891138672829,0.06647668778896332,0.06613045185804367,0.06543798744678497,0.058525200933218,0.584,0.31697659558981595,0.05949903920412423
0.08788800984621048,0.09352780133485794,0.08726579695940018,0.0814131572842598,0.08198953419923782,0.08299819380044937,0.08913244307041168,0.09469690173864365,0.09402884542942047,-0.362,-0.3543018206227822,0.08867479562558221
0.5649999976158142,0.5600000023841858,0.5610000491142273,0.5649999976158142,0.5690000057220459,0.5760000348091125,0.5730000138282776,0.5670000314712524,0.5630000233650208,-0.727,-0.8797704574215208,0.5686084901655473
0.058733101934194565,0.05188906937837601,0.05198156088590622,0.05216654762625694,0.05914891138672829,0.06636127829551697,0.06566880643367767,0.06520716100931168,0.058525200933218,0.454,0.31697659558981595,0.05949903920412423
0.08788800984621048,0.09369482100009918,0.08742135018110275,0.08126906305551529,0.08198953419923782,0.08285409957170486,0.08851022273302078,0.09436286985874176,0.09402884542942047,-0.393,-0.3543018206227822,0.08867479562558221
0.5649999976158142,0.5610000491142273,0.562000036239624,0.5640000104904175,0.5690000057220459,0.5750000476837158,0.5690000057220459,0.5649999976158142,0.5630000233650208,-0.8,-0.8797704574215208,0.5686084901655473
0.058733101934194565,0.0517965704202652,0.05188906937837601,0.05216654762625694,0.059044960886240005,0.06670750677585602,0.06601504236459732,0.06543798744678497,0.058525200933218,0.594,0.31697659558981595,0.05949903920412423
0.08788800984621048,0.09352780133485794,0.08726579695940018,0.08126906305551529,0.08184543997049332,0.08328638225793839,0.0889768898487091,0.09469690173864365,0.09402884542942047,-0.346,-0.3543018206227822,0.08867479562558221
0.5649999976158142,0.5600000023841858,0.5610000491142273,0.5640000104904175,0.5680000185966492,0.578000009059906,0.5720000267028809,0.5670000314712524,0.5630000233650208,-0.727,-0.8797704574215208,0.5686084901655473
0.05842125043272972,0.0517965704202652,0.051704078912734985,0.05207405611872673,0.05883705988526344,0.06543798744678497,0.06509175151586533,0.06509175151586533,0.05842125043272972,0.32,0.31697659558981595,0.05949903920412423
0.08742135018110275,0.09352780133485794,0.08695468306541443,0.08112496882677078,0.0815572589635849,0.08170134574174881,0.0877324566245079,0.09419585764408112,0.09386183321475983,-0.25,-0.3543018206227822,0.08867479562558221
0.562000036239624,0.5600000023841858,0.5590000152587891,0.5630000233650208,0.5660000443458557,0.5670000314712524,0.5640000104904175,0.5640000104904175,0.562000036239624,-0.914,-0.8797704574215208,0.5686084901655473
0.058525200933218,0.0517965704202652,0.05188906937837601,0.05207405611872673,0.058941010385751724,0.06589963287115097,0.06532257795333862,0.06520716100931168,0.05842125043272972,0.388,0.31697659558981595,0.05949903920412423
0.08757690340280533,0.09352780133485794,0.08726579695940018,0.08112496882677078,0.08170134574174881,0.08227772265672684,0.08804357051849365,0.09436286985874176,0.09386183321475983,-0.321,-0.3543018206227822,0.08867479562558221
0.5630000233650208,0.5600000023841858,0.5610000491142273,0.5630000233650208,0.5670000314712524,0.5710000395774841,0.5660000443458557,0.5649999976158142,0.562000036239624,-0.864,-0.8797704574215208,0.5686084901655473
0.058733101934194565,0.05188906937837601,0.05198156088590622,0.052259039133787155,0.059044960886240005,0.06613045185804367,0.06578422337770462,0.06555339694023132,0.058629151433706284,0.489,0.31697659558981595,0.05949903920412423
0.08788800984621048,0.09369482100009918,0.08742135018110275,0.0814131572842598,0.08184543997049332,0.08256591111421585,0.08866578340530396,0.09486391395330429,0.09419585764408112,-0.269,-0.3543018206227822,0.08867479562558221
0.5649999976158142,0.5610000491142273,0.562000036239624,0.5649999976158142,0.5680000185966492,0.5730000138282776,0.5700000524520874,0.5680000185966492,0.5640000104904175,-0.83,-0.8797704574215208,0.5686084901655473
0.058629151433706284,0.0517965704202652,0.0517965704202652,0.05207405611872673,0.058941010385751724,0.06613045185804367,0.06566880643367767,0.06520716100931168,0.05842125043272972,0.507,0.31697659558981595,0.05949903920412423
0.0877324566245079,0.09352780133485794,0.087110236287117,0.08112496882677078,0.08170134574174881,0.08256591111421585,0.08851022273302078,0.09436286985874176,0.09386183321475983,-0.323,-0.3543018206227822,0.08867479562558221
0.5640000104904175,0.5600000023841858,0.5600000023841858,0.5630000233650208,0.5670000314712524,0.5730000138282776,0.5690000057220459,0.5649999976158142,0.562000036239624,-0.799,-0.8797704574215208,0.5686084901655473
0.058629151433706284,0.051704078912734985,0.0517965704202652,0.05216654762625694,0.05883705988526344,0.06555339694023132,0.06555339694023132,0.06520716100931168,0.05842125043272972,0.431,0.31697659558981595,0.05949903920412423
0.0877324566245079,0.0933607891201973,0.087110236287117,0.08126906305551529,0.0815572589635849,0.08184543997049332,0.0883546695113182,0.09436286985874176,0.09386183321475983,-0.266,-0.3543018206227822,0.08867479562558221
0.5640000104904175,0.5590000152587891,0.5600000023841858,0.5640000104904175,0.5660000443458557,0.5680000185966492,0.5680000185966492,0.5649999976158142,0.562000036239624,-0.863,-0.8797704574215208,0.5686084901655473
0.058733101934194565,0.0517965704202652,0.05188906937837601,0.052259039133787155,0.05914891138672829,0.06624586135149002,0.06589963287115097,0.06555339694023132,0.058525200933218,0.544,0.31697659558981595,0.05949903920412423
0.08788800984621048,0.09352780133485794,0.08726579695940018,0.0814131572842598,0.08198953419923782,0.08271000534296036,0.08882133662700653,0.09486391395330429,0.09402884542942047,-0.339,-0.3543018206227822,0.08867479562558221
0.5649999976158142,0.5600000023841858,0.5610000491142273,0.5649999976158142,0.5690000057220459,0.5740000009536743,0.5710000395774841,0.5680000185966492,0.5630000233650208,-0.768,-0.8797704574215208,0.5686084901655473
0.05883705988526344,0.0517965704202652,0.05188906937837601,0.05216654762625694,0.059252869337797165,0.06682292371988297,0.06613045185804367,0.06555339694023132,0.058629151433706284,0.621,0.31697659558981595,0.05949903920412423
0.08804357051849365,0.09352780133485794,0.08726579695940018,0.08126906305551529,0.08213363587856293,0.08343047648668289,0.08913244307041168,0.09486391395330429,0.09419585764408112,-0.358,-0.3543018206227822,0.08867479562558221
0.5660000443458557,0.5600000023841858,0.5610000491142273,0.5640000104904175,0.5700000524520874,0.5790000557899475,0.5730000138282776,0.5680000185966492,0.5640000104904175,-0.698,-0.8797704574215208,0.5686084901655473
0.058733101934194565,0.0517965704202652,0.05188906937837601,0.05216654762625694,0.059044960886240005,0.06636127829551697,0.06578422337770462,0.06532257795333862,0.058525200933218,0.524,0.31697659558981595,0.05949903920412423
0.08788800984621048,0.09352780133485794,0.08726579695940018,0.08126906305551529,0.08184543997049332,0.08285409957170486,0.08866578340530396,0.094529889523983,0.09402884542942047,-0.345,-0.3543018206227822,0.08867479562558221
0.5649999976158142,0.5600000023841858,0.5610000491142273,0.5640000104904175,0.5680000185966492,0.5750000476837158,0.5700000524520874,0.5660000443458557,0.5630000233650208,-0.779,-0.8797704574215208,0.5686084901655473
0.058733101934194565,0.0517965704202652,0.05188906937837601,0.05207405611872673,0.05914891138672829,0.06693833321332932,0.06566880643367767,0.06532257795333862,0.058525200933218,0.55,0.31697659558981595,0.05949903920412423
0.08788800984621048,0.09352780133485794,0.08726579695940018,0.08112496882677078,0.08198953419923782,0.0835745707154274,0.08851022273302078,0.094529889523983,0.09402884542942047,-0.41,-0.3543018206227822,0.08867479562558221
0.5649999976158142,0.5600000023841858,0.5610000491142273,0.5630000233650208,0.5690000057220459,0.5800000429153442,0.5690000057220459,0.5660000443458557,0.5630000233650208,-0.728,-0.8797704574215208,0.5686084901655473
0.058733101934194565,0.0517965704202652,0.05188906937837601,0.05207405611872673,0.058941010385751724,0.06566880643367767,0.06555339694023132,0.06532257795333862,0.058525200933218,0.432,0.31697659558981595,0.05949903920412423
0.08788800984621048,0.09352780133485794,0.08726579695940018,0.08112496882677078,0.08170134574174881,0.08198953419923782,0.0883546695113182,0.094529889523983,0.09402884542942047,-0.234,-0.3543018206227822,0.08867479562558221
0.5649999976158142,0.5600000023841858,0.5610000491142273,0.5630000233650208,0.5670000314712524,0.5690000057220459,0.5680000185966492,0.5660000443458557,0.5630000233650208,-0.871,-0.8797704574215208,0.5686084901655473
0.058629151433706284,0.051704078912734985,0.05188906937837601,0.05216654762625694,0.058941010385751724,0.06566880643367767,0.06555339694023132,0.06532257795333862,0.05842125043272972,0.429,0.31697659558981595,0.05949903920412423
0.0877324566245079,0.0933607891201973,0.08726579695940018,0.08126906305551529,0.08170134574174881,0.08198953419923782,0.0883546695113182,0.094529889523983,0.09386183321475983,-0.298,-0.3543018206227822,0.08867479562558221
0.5640000104904175,0.5590000152587891,0.5610000491142273,0.5640000104904175,0.5670000314712524,0.5690000057220459,0.5680000185966492,0.5660000443458557,0.562000036239624,-0.853,-0.8797704574215208,0.5686084901655473
0.05883705988526344,0.0517965704202652,0.05188906937837601,0.05216654762625694,0.05914891138672829,0.06647668778896332,0.06601504236459732,0.06543798744678497,0.058525200933218,0.577,0.31697659558981595,0.05949903920412423
0.08804357051849365,0.09352780133485794,0.08726579695940018,0.08126906305551529,0.08198953419923782,0.08299819380044937,0.0889768898487091,0.09469690173864365,0.09402884542942047,-0.352,-0.3543018206227822,0.08867479562558221
0.5660000443458557,0.5600000023841858,0.5610000491142273,0.5640000104904175,0.5690000057220459,0.5760000348091125,0.5720000267028809,0.5670000314712524,0.5630000233650208,-0.737,-0.8797704574215208,0.5686084901655473
0.058733101934194565,0.0517965704202652,0.0517965704202652,0.05207405611872673,0.05914891138672829,0.06659209728240967,0.06613045185804367,0.06543798744678497,0.058525200933218,0.626,0.31697659558981595,0.05949903920412423
0.08788800984621048,0.09352780133485794,0.087110236287117,0.08112496882677078,0.08198953419923782,0.08314228802919388,0.08913244307041168,0.09469690173864365,0.09402884542942047,-0.333,-0.3543018206227822,0.08867479562558221
0.5649999976158142,0.5600000023841858,0.5600000023841858,0.5630000233650208,0.5690000057220459,0.5770000219345093,0.5730000138282776,0.5670000314712524,0.5630000233650208,-0.706,-0.8797704574215208,0.5686084901655473
0.058733101934194565,0.0517965704202652,0.05188906937837601,0.05216654762625694,0.05914891138672829,0.06624586135149002,0.06578422337770462,0.06532257795333862,0.058525200933218,0.512,0.31697659558981595,0.05949903920412423
0.08788800984621048,0.09352780133485794,0.08726579695940018,0.08126906305551529,0.08198953419923782,0.08271000534296036,0.08866578340530396,0.094529889523983,0.09402884542942047,-0.362,-0.3543018206227822,0.08867479562558221
0.5649999976158142,0.5600000023841858,0.5610000491142273,0.5640000104904175,0.5690000057220459,0.5740000009536743,0.5700000524520874,0.5660000443458557,0.5630000233650208,-0.779,-0.8797704574215208,0.5686084901655473
0.058733101934194565,0.051704078912734985,0.0517965704202652,0.05216654762625694,0.05914891138672829,0.06647668778896332,0.06589963287115097,0.06543798744678497,0.058525200933218,0.584,0.31697659558981595,0.05949903920412423
0.08788800984621048,0.0933607891201973,0.087110236287117,0.08126906305551529,0.08198953419923782,0.08299819380044937,0.08882133662700653,0.09469690173864365,0.09402884542942047,-0.362,-0.3543018206227822,0.08867479562558221
0.5649999976158142,0.5590000152587891,0.5600000023841858,0.5640000104904175,0.5690000057220459,0.5760000348091125,0.5710000395774841,0.5670000314712524,0.5630000233650208,-0.727,-0.8797704574215208,0.5686084901655473
0.058733101934194565,0.0517965704202652,0.05198156088590622,0.052259039133787155,0.059044960886240005,0.06589963287115097,0.06566880643367767,0.06543798744678497,0.058525200933218,0.44,0.31697659558981595,0.05949903920412423
0.08788800984621048,0.09352780133485794,0.08742135018110275,0.0814131572842598,0.08184543997049332,0.08227772265672684,0.08851022273302078,0.09469690173864365,0.09402884542942047,-0.31,-0.3543018206227822,0.08867479562558221
0.5649999976158142,0.5600000023841858,0.562000036239624,0.5649999976158142,0.5680000185966492,0.5710000395774841,0.5690000057220459,0.5670000314712524,0.5630000233650208,-0.843,-0.8797704574215208,0.5686084901655473
0.058733101934194565,0.0517965704202652,0.05188906937837601,0.05216654762625694,0.059044960886240005,0.06613045185804367,0.06578422337770462,0.06543798744678497,0.058525200933218,0.519,0.31697659558981595,0.05949903920412423
0.08788800984621048,0.09352780133485794,0.08726579695940018,0.08126906305551529,0.08184543997049332,0.08256591111421585,0.08866578340530396,0.09469690173864365,0.09402884542942047,-0.306,-0.3543018206227822,0.08867479562558221
0.5649999976158142,0.5600000023841858,0.5610000491142273,0.5640000104904175,0.5680000185966492,0.5730000138282776,0.5700000524520874,0.5670000314712524,0.5630000233650208,-0.799,-0.8797704574215208,0.5686084901655473
0.05883705988526344,0.0517965704202652,0.05188906937837601,0.05207405611872673,0.05914891138672829,0.06647668778896332,0.06636127829551697,0.06555339694023132,0.058629151433706284,0.647,0.31697659558981595,0.05949903920412423
0.08804357051849365,0.09352780133485794,0.08726579695940018,0.08112496882677078,0.08198953419923782,0.08299819380044937,0.08944355696439743,0.09486391395330429,0.09419585764408112,-0.277,-0.3543018206227822,0.08867479562558221
0.5660000443458557,0.5600000023841858,0.5610000491142273,0.5630000233650208,0.5690000057220459,0.5760000348091125,0.5750000476837158,0.5680000185966492,0.5640000104904175,-0.711,-0.8797704574215208,0.5686084901655473
0.058733101934194565,0.0517965704202652,0.05188906937837601,0.05216654762625694,0.059252869337797165,0.06659209728240967,0.06589963287115097,0.06532257795333862,0.058525200933218,0.55,0.31697659558981595,0.05949903920412423
0.08788800984621048,0.09352780133485794,0.08726579695940018,0.08126906305551529,0.08213363587856293,0.08314228802919388,0.08882133662700653,0.094529889523983,0.09402884542942047,-0.41,-0.3543018206227822,0.08867479562558221
0.5649999976158142,0.5600000023841858,0.5610000491142273,0.5640000104904175,0.5700000524520874,0.5770000219345093,0.5710000395774841,0.5660000443458557,0.5630000233650208,-0.728,-0.8797704574215208,0.5686084901655473
0.058733101934194565,0.0517965704202652,0.05188906937837601,0.05207405611872673,0.058941010385751724,0.06613045185804367,0.06601504236459732,0.06543798744678497,0.058525200933218,0.572,0.31697659558981595,0.05949903920412423
0.08788800984621048,0.09352780133485794,0.08726579695940018,0.08112496882677078,0.08170134574174881,0.08256591111421585,0.0889768898487091,0.09469690173864365,0.09402884542942047,-0.25,-0.3543018206227822,0.08867479562558221
0.5649999976158142,0.5600000023841858,0.5610000491142273,0.5630000233650208,0.5670000314712524,0.5730000138282776,0.5720000267028809,0.5670000314712524,0.5630000233650208,-0.782,-0.8797704574215208,0.5686084901655473
0.058525200933218,0.0517965704202652,0.0517965704202652,0.05216654762625694,0.058941010385751724,0.06578422337770462,0.06509175151586533,0.06509175151586533,0.05842125043272972,0.314,0.31697659558981595,0.05949903920412423
0.08757690340280533,0.09352780133485794,0.087110236287117,0.08126906305551529,0.08170134574174881,0.08213363587856293,0.0877324566245079,0.09419585764408112,0.09386183321475983,-0.351,-0.3543018206227822,0.08867479562558221
0.5630000233650208,0.5600000023841858,0.5600000023841858,0.5640000104904175,0.5670000314712524,0.5700000524520874,0.5640000104904175,0.5640000104904175,0.562000036239624,-0.883,-0.8797704574215208,0.5686084901655473
0.058733101934194565,0.0517965704202652,0.05188906937837601,0.05216654762625694,0.059252869337797165,0.06682292371988297,0.06589963287115097,0.06532257795333862,0.058525200933218,0.563,0.31697659558981595,0.05949903920412423
0.08788800984621048,0.09352780133485794,0.08726579695940018,0.08126906305551529,0.08213363587856293,0.08343047648668289,0.08882133662700653,0.094529889523983,0.09402884542942047,-0.427,-0.3543018206227822,0.08867479562558221
0.5649999976158142,0.5600000023841858,0.5610000491142273,0.5640000104904175,0.5700000524520874,0.5790000557899475,0.5710000395774841,0.5660000443458557,0.5630000233650208,-0.708,-0.8797704574215208,0.5686084901655473
0.05883705988526344,0.0517965704202652,0.05188906937837601,0.05216654762625694,0.05914891138672829,0.06636127829551697,0.06601504236459732,0.06543798744678497,0.058629151433706284,0.573,0.31697659558981595,0.05949903920412423
0.08804357051849365,0.09352780133485794,0.08726579695940018,0.08126906305551529,0.08198953419923782,0.08285409957170486,0.0889768898487091,0.09469690173864365,0.09419585764408112,-0.316,-0.3543018206227822,0.08867479562558221
0.5660000443458557,0.5600000023841858,0.5610000491142273,0.5640000104904175,0.5690000057220459,0.5750000476837158,0.5720000267028809,0.5670000314712524,0.5640000104904175,-0.756,-0.8797704574215208,0.5686084901655473
0.058629151433706284,0.0517965704202652,0.05188906937837601,0.05216654762625694,0.05914891138672829,0.06659209728240967,0.06566880643367767,0.06532257795333862,0.058525200933218,0.516,0.31697659558981595,0.05949903920412423
0.0877324566245079,0.09352780133485794,0.08726579695940018,0.08126906305551529,0.08198953419923782,0.08314228802919388,0.08851022273302078,0.094529889523983,0.09402884542942047,-0.399,-0.3543018206227822,0.08867479562558221
0.5640000104904175,0.5600000023841858,0.5610000491142273,0.5640000104904175,0.5690000057220459,0.5770000219345093,0.5690000057220459,0.5660000443458557,0.5630000233650208,-0.758,-0.8797704574215208,0.5686084901655473
0.058629151433706284,0.0517965704202652,0.05188906937837601,0.052259039133787155,0.05914891138672829,0.06589963287115097,0.06532257795333862,0.06509175151586533,0.05842125043272972,0.335,0.31697659558981595,0.05949903920412423
0.0877324566245079,0.09352780133485794,0.08726579695940018,0.0814131572842598,0.08198953419923782,0.08227772265672684,0.08804357051849365,0.09419585764408112,0.09386183321475983,-0.437,-0.3543018206227822,0.08867479562558221
0.5640000104904175,0.5600000023841858,0.5610000491142273,0.5649999976158142,0.5690000057220459,0.5710000395774841,0.5660000443458557,0.5640000104904175,0.562000036239624,-0.836,-0.8797704574215208,0.5686084901655473
0.058733101934194565,0.0517965704202652,0.05188906937837601,0.05216654762625694,0.05914891138672829,0.06693833321332932,0.06613045185804367,0.06555339694023132,0.058525200933218,0.627,0.31697659558981595,0.05949903920412423
0.08788800984621048,0.09352780133485794,0.08726579695940018,0.08126906305551529,0.08198953419923782,0.0835745707154274,0.08913244307041168,0.09486391395330429,0.09402884542942047,-0.366,-0.3543018206227822,0.08867479562558221
0.5649999976158142,0.5600000023841858,0.5610000491142273,0.5640000104904175,0.5690000057220459,0.5800000429153442,0.5730000138282776,0.5680000185966492,0.5630000233650208,-0.688,-0.8797704574215208,0.5686084901655473
0.058733101934194565,0.0517965704202652,0.05188906937837601,0.05216654762625694,0.05914891138672829,0.06659209728240967,0.06589963287115097,0.06543798744678497,0.058629151433706284,0.57,0.31697659558981595,0.05949903920412423
0.08788800984621048,0.09352780133485794,0.08726579695940018,0.08126906305551529,0.08198953419923782,0.08314228802919388,0.08882133662700653,0.09469690173864365,0.09419585764408112,-0.343,-0.3543018206227822,0.08867479562558221
0.5649999976158142,0.5600000023841858,0.5610000491142273,0.5640000104904175,0.5690000057220459,0.5770000219345093,0.5710000395774841,0.5670000314712524,0.5640000104904175,-0.747,-0.8797704574215208,0.5686084901655473
0.05883705988526344,0.051704078912734985,0.05188906937837601,0.05216654762625694,0.059252869337797165,0.06659209728240967,0.06613045185804367,0.06555339694023132,0.058525200933218,0.612,0.31697659558981595,0.05949903920412423
0.08804357051849365,0.0933607891201973,0.08726579695940018,0.08126906305551529,0.08213363587856293,0.08314228802919388,0.08913244307041168,0.09486391395330429,0.09402884542942047,-0.373,-0.3543018206227822,0.08867479562558221
0.5660000443458557,0.5590000152587891,0.5610000491142273,0.5640000104904175,0.5700000524520874,0.5770000219345093,0.5730000138282776,0.5680000185966492,0.5630000233650208,-0.698,-0.8797704574215208,0.5686084901655473
0.058629151433706284,0.0517965704202652,0.05188906937837601,0.05216654762625694,0.05914891138672829,0.06624586135149002,0.06555339694023132,0.06532257795333862,0.05842125043272972,0.464,0.31697659558981595,0.05949903920412423
0.0877324566245079,0.09352780133485794,0.08726579695940018,0.08126906305551529,0.08198953419923782,0.08271000534296036,0.0883546695113182,0.094529889523983,0.09386183321475983,-0.403,-0.3543018206227822,0.08867479562558221
0.5640000104904175,0.5600000023841858,0.5610000491142273,0.5640000104904175,0.5690000057220459,0.5740000009536743,0.5680000185966492,0.5660000443458557,0.562000036239624,-0.789,-0.8797704574215208,0.5686084901655473
0.058733101934194565,0.051704078912734985,0.0517965704202652,0.05198156088590622,0.05914891138672829,0.06659209728240967,0.06613045185804367,0.06543798744678497,0.058525200933218,0.64,0.31697659558981595,0.05949903920412423
0.08788800984621048,0.0933607891201973,0.087110236287117,0.08098087459802628,0.08198953419923782,0.08314228802919388,0.08913244307041168,0.09469690173864365,0.09402884542942047,-0.327,-0.3543018206227822,0.08867479562558221
0.5649999976158142,0.5590000152587891,0.5600000023841858,0.562000036239624,0.5690000057220459,0.5770000219345093,0.5730000138282776,0.5670000314712524,0.5630000233650208,-0.695,-0.8797704574215208,0.5686084901655473
0.058629151433706284,0.0517965704202652,0.05188906937837601,0.05216654762625694,0.059044960886240005,0.06624586135149002,0.06532257795333862,0.06509175151586533,0.05842125043272972,0.39,0.31697659558981595,0.05949903920412423
0.0877324566245079,0.09352780133485794,0.08726579695940018,0.08126906305551529,0.08184543997049332,0.08271000534296036,0.08804357051849365,0.09419585764408112,0.09386183321475983,-0.424,-0.3543018206227822,0.08867479562558221
0.5640000104904175,0.5600000023841858,0.5610000491142273,0.5640000104904175,0.5680000185966492,0.5740000009536743,0.5660000443458557,0.5640000104904175,0.562000036239624,-0.818,-0.8797704574215208,0.5686084901655473
0.058525200933218,0.0517965704202652,0.0517965704202652,0.05207405611872673,0.05883705988526344,0.06578422337770462,0.06555339694023132,0.06520716100931168,0.05842125043272972,0.456,0.31697659558981595,0.05949903920412423
0.08757690340280533,0.09352780133485794,0.087110236287117,0.08112496882677078,0.0815572589635849,0.08213363587856293,0.0883546695113182,0.09436286985874176,0.09386183321475983,-0.261,-0.3543018206227822,0.08867479562558221
0.5630000233650208,0.5600000023841858,0.5600000023841858,0.5630000233650208,0.5660000443458557,0.5700000524520874,0.5680000185966492,0.5649999976158142,0.562000036239624,-0.851,-0.8797704574215208,0.5686084901655473
0.058525200933218,0.0517965704202652,0.05188906937837601,0.05207405611872673,0.058941010385751724,0.06624586135149002,0.06520716100931168,0.06509175151586533,0.05842125043272972,0.382,0.31697659558981595,0.05949903920412423
0.08757690340280533,0.09352780133485794,0.08726579695940018,0.08112496882677078,0.08170134574174881,0.08271000534296036,0.08788800984621048,0.09419585764408112,0.09386183321475983,-0.383,-0.3543018206227822,0.08867479562558221
0.5630000233650208,0.5600000023841858,0.5610000491142273,0.5630000233650208,0.5670000314712524,0.5740000009536743,0.5649999976158142,0.5640000104904175,0.562000036239624,-0.842,-0.8797704574215208,0.5686084901655473
0.058733101934194565,0.0517965704202652,0.05188906937837601,0.052259039133787155,0.059252869337797165,0.06647668778896332,0.06555339694023132,0.06520716100931168,0.05842125043272972,0.45,0.31697659558981595,0.05949903920412423
0.08788800984621048,0.09352780133485794,0.08726579695940018,0.0814131572842598,0.08213363587856293,0.08299819380044937,0.0883546695113182,0.09436286985874176,0.09386183321475983,-0.482,-0.3543018206227822,0.08867479562558221
0.5649999976158142,0.5600000023841858,0.5610000491142273,0.5649999976158142,0.5700000524520874,0.5760000348091125,0.5680000185966492,0.5649999976158142,0.562000036239624,-0.752,-0.8797704574215208,0.5686084901655473
0.058629151433706284,0.0517965704202652,0.05188906937837601,0.05207405611872673,0.058941010385751724,0.06566880643367767,0.06543798744678497,0.06532257795333862,0.05842125043272972,0.405,0.31697659558981595,0.05949903920412423
0.0877324566245079,0.09352780133485794,0.08726579695940018,0.08112496882677078,0.08170134574174881,0.08198953419923782,0.08819912374019623,0.094529889523983,0.09386183321475983,-0.271,-0.3543018206227822,0.08867479562558221
0.5640000104904175,0.5600000023841858,0.5610000491142273,0.5630000233650208,0.5670000314712524,0.5690000057220459,0.5670000314712524,0.5660000443458557,0.562000036239624,-0.874,-0.8797704574215208,0.5686084901655473
0.05883705988526344,0.051704078912734985,0.05188906937837601,0.05216654762625694,0.059252869337797165,0.06647668778896332,0.06613045185804367,0.06543798744678497,0.058525200933218,0.596,0.31697659558981595,0.05949903920412423
0.08804357051849365,0.0933607891201973,0.08726579695940018,0.08126906305551529,0.08213363587856293,0.08299819380044937,0.08913244307041168,0.09469690173864365,0.09402884542942047,-0.38,-0.3543018206227822,0.08867479562558221
0.5660000443458557,0.5590000152587891,0.5610000491142273,0.5640000104904175,0.5700000524520874,0.5760000348091125,0.5730000138282776,0.5670000314712524,0.5630000233650208,-0.708,-0.8797704574215208,0.5686084901655473
0.058629151433706284,0.0517965704202652,0.0517965704202652,0.05207405611872673,0.059044960886240005,0.06636127829551697,0.06566880643367767,0.06532257795333862,0.058525200933218,0.536,0.31697659558981595,0.05949903920412423
0.0877324566245079,0.09352780133485794,0.087110236287117,0.08112496882677078,0.08184543997049332,0.08285409957170486,0.08851022273302078,0.094529889523983,0.09402884542942047,-0.329,-0.3543018206227822,0.08867479562558221
0.5640000104904175,0.5600000023841858,0.5600000023841858,0.5630000233650208,0.5680000185966492,0.5750000476837158,0.5690000057220459,0.5660000443458557,0.5630000233650208,-0.778,-0.8797704574215208,0.5686084901655473
0.058733101934194565,0.0517965704202652,0.05188906937837601,0.05216654762625694,0.05914891138672829,0.06636127829551697,0.06578422337770462,0.06532257795333862,0.058525200933218,0.52,0.31697659558981595,0.05949903920412423
0.08788800984621048,0.09352780133485794,0.08726579695940018,0.08126906305551529,0.08198953419923782,0.08285409957170486,0.08866578340530396,0.094529889523983,0.09402884542942047,-0.373,-0.3543018206227822,0.08867479562558221
0.5649999976158142,0.5600000023841858,0.5610000491142273,0.5640000104904175,0.5690000057220459,0.5750000476837158,0.5700000524520874,0.5660000443458557,0.5630000233650208,-0.769,-0.8797704574215208,0.5686084901655473
0.058733101934194565,0.051704078912734985,0.0517965704202652,0.05216654762625694,0.059044960886240005,0.06613045185804367,0.06578422337770462,0.06532257795333862,0.05842125043272972,0.533,0.31697659558981595,0.05949903920412423
0.08788800984621048,0.0933607891201973,0.087110236287117,0.08126906305551529,0.08184543997049332,0.08256591111421585,0.08866578340530396,0.094529889523983,0.09386183321475983,-0.356,-0.3543018206227822,0.08867479562558221
0.5649999976158142,0.5590000152587891,0.5600000023841858,0.5640000104904175,0.5680000185966492,0.5730000138282776,0.5700000524520874,0.5660000443458557,0.562000036239624,-0.768,-0.8797704574215208,0.5686084901655473
0.058629151433706284,0.0517965704202652,0.0517965704202652,0.05207405611872673,0.058941010385751724,0.06578422337770462,0.06555339694023132,0.06520716100931168,0.058525200933218,0.456,0.31697659558981595,0.05949903920412423
0.0877324566245079,0.09352780133485794,0.087110236287117,0.08112496882677078,0.08170134574174881,0.08213363587856293,0.0883546695113182,0.09436286985874176,0.09402884542942047,-0.261,-0.3543018206227822,0.08867479562558221
0.5640000104904175,0.5600000023841858,0.5600000023841858,0.5630000233650208,0.5670000314712524,0.5700000524520874,0.5680000185966492,0.5649999976158142,0.5630000233650208,-0.851,-0.8797704574215208,0.5686084901655473
0.058733101934194565,0.0517965704202652,0.0517965704202652,0.05207405611872673,0.058941010385751724,0.06589963287115097,0.06589963287115097,0.06543798744678497,0.058525200933218,0.555,0.31697659558981595,0.05949903920412423
0.08788800984621048,0.09352780133485794,0.087110236287117,0.08112496882677078,0.08170134574174881,0.08227772265672684,0.08882133662700653,0.09469690173864365,0.09402884542942047,-0.226,-0.3543018206227822,0.08867479562558221
0.5649999976158142,0.5600000023841858,0.5600000023841858,0.5630000233650208,0.5670000314712524,0.5710000395774841,0.5710000395774841,0.5670000314712524,0.5630000233650208,-0.801,-0.8797704574215208,0.5686084901655473
0.058733101934194565,0.0517965704202652,0.05188906937837601,0.05207405611872673,0.05914891138672829,0.06693833321332932,0.06578422337770462,0.06532257795333862,0.058525200933218,0.568,0.31697659558981595,0.05949903920412423
0.08788800984621048,0.09352780133485794,0.08726579695940018,0.08112496882677078,0.08198953419923782,0.0835745707154274,0.08866578340530396,0.094529889523983,0.09402884542942047,-0.403,-0.3543018206227822,0.08867479562558221
0.5649999976158142,0.5600000023841858,0.5610000491142273,0.5630000233650208,0.5690000057220459,0.5800000429153442,0.5700000524520874,0.5660000443458557,0.5630000233650208,-0.718,-0.8797704574215208,0.5686084901655473
0.058629151433706284,0.051704078912734985,0.05188906937837601,0.05207405611872673,0.05914891138672829,0.06647668778896332,0.06566880643367767,0.06520716100931168,0.05842125043272972,0.512,0.31697659558981595,0.05949903920412423
0.0877324566245079,0.0933607891201973,0.08726579695940018,0.08112496882677078,0.08198953419923782,0.08299819380044937,0.08851022273302078,0.09436286985874176,0.09386183321475983,-0.425,-0.3543018206227822,0.08867479562558221
0.5640000104904175,0.5590000152587891,0.5610000491142273,0.5630000233650208,0.5690000057220459,0.5760000348091125,0.5690000057220459,0.5649999976158142,0.562000036239624,-0.747,-0.8797704574215208,0.5686084901655473
0.058525200933218,0.0517965704202652,0.05188906937837601,0.05216654762625694,0.059044960886240005,0.06670750677585602,0.06532257795333862,0.06509175151586533,0.05842125043272972,0.432,0.31697659558981595,0.05949903920412423
0.08757690340280533,0.09352780133485794,0.08726579695940018,0.08126906305551529,0.08184543997049332,0.08328638225793839,0.08804357051849365,0.09419585764408112,0.09386183321475983,-0.464,-0.3543018206227822,0.08867479562558221
0.5630000233650208,0.5600000023841858,0.5610000491142273,0.5640000104904175,0.5680000185966492,0.578000009059906,0.5660000443458557,0.5640000104904175,0.562000036239624,-0.774,-0.8797704574215208,0.5686084901655473
0.05883705988526344,0.0517965704202652,0.05188906937837601,0.05207405611872673,0.059252869337797165,0.06693833321332932,0.06589963287115097,0.06532257795333862,0.058525200933218,0.581,0.31697659558981595,0.05949903920412423
0.08804357051849365,0.09352780133485794,0.08726579695940018,0.08112496882677078,0.08213363587856293,0.0835745707154274,0.08882133662700653,0.094529889523983,0.09402884542942047,-0.42,-0.3543018206227822,0.08867479562558221
0.5660000443458557,0.5600000023841858,0.5610000491142273,0.5630000233650208,0.5700000524520874,0.5800000429153442,0.5710000395774841,0.5660000443458557,0.5630000233650208,-0.698,-0.8797704574215208,0.5686084901655473
0.058733101934194565,0.0517965704202652,0.05188906937837601,0.05216654762625694,0.05914891138672829,0.06636127829551697,0.06578422337770462,0.06543798744678497,0.058525200933218,0.532,0.31697659558981595,0.05949903920412423
0.08788800984621048,0.09352780133485794,0.08726579695940018,0.08126906305551529,0.08198953419923782,0.08285409957170486,0.08866578340530396,0.09469690173864365,0.09402884542942047,-0.356,-0.3543018206227822,0.08867479562558221
0.5649999976158142,0.5600000023841858,0.5610000491142273,0.5640000104904175,0.5690000057220459,0.5750000476837158,0.5700000524520874,0.5670000314712524,0.5630000233650208,-0.769,-0.8797704574215208,0.5686084901655473
